{
   "renderer" : 
   {
      "Camera" : 
      {
         "Aspect" : 1.8208661079406738,
         "Far" : 100,
         "Front" : [ -0.16590912640094757, -0.25206884741783142, 0.95338106155395508 ],
         "MouseSensitivity" : 0.10000000149011612,
         "MovementSpeed" : 5,
         "Near" : 0.10000000149011612,
         "Pitch" : -14.599969863891602,
         "Position" : [ 1.5702368021011353, 0.63238722085952759, -3.2506279945373535 ],
         "RotationLocked" : false,
         "Up" : [ 0, 1, 0 ],
         "Yaw" : -2420.128173828125,
         "Zoom" : 60
      },
      "ForwardRenderer" : 
      {
         "aaaa" : 1
      },
      "ambientLight" : [ 0.01, 0.01, 0.01 ],
      "isCameraLocked" : false
   },
   "scene" : 
   {
      "meshes" : 
      [
         {
            "filename" : "/data/models/reference/sponza_normalMaps/sponza.obj",
            "name" : "sponza"
         },
         {
            "filename" : "/data/models/sphere.obj",
            "name" : "sphere"
         }
      ],
      "objects" : 
      [
         {
            "Material" : 
            {
               "albedoColor" : [ 1, 1, 1 ],
               "specularPower" : 1,
               "specularStrength" : [ 0.10000000000000001, 0.10000000000000001, 0.10000000000000001 ],
               "type" : "default"
            },
            "mesh" : "sponza",
            "pos" : [ 0, 0, 0 ],
            "scale" : [ 0.02, 0.02, 0.02 ]
         },
         {
            "Light" : 
            {
               "direction" : [ 0.10000000000000001, 3, 0.40000000000000002 ],
               "lightColor" : [ 1, 1, 1 ],
               "type" : "directional"
            },
            "Material" : 
            {
               "albedoColor" : [ 1, 1, 1 ],
               "type" : "unlit"
            },
            "mesh" : "sphere",
            "pos" : [ 5, 100, 20 ],
            "scale" : [ 10, 10, 10 ]
         }
      ]
   }
}