{
   "renderer" : 
   {
      "Camera" : 
      {
         "Aspect" : 1.3333333730697632,
         "Far" : 100,
         "Front" : [ -0.017408411949872971, -0.069756403565406799, -0.99741214513778687 ],
         "MouseSensitivity" : 0.10000000149011612,
         "MovementSpeed" : 5,
         "Near" : 0.10000000149011612,
         "Pitch" : -3.9999961853027344,
         "Position" : [ 0.40828675031661987, 12.389822959899902, 1.2833238840103149 ],
         "RotationLocked" : true,
         "Up" : [ 0, 1, 0 ],
         "Yaw" : -90.999916076660156,
         "Zoom" : 60
      },
      "ForwardRenderer" : 
      {
         "aaaa" : 1
      },
      "ambientLight" : [ 0.01, 0.01, 0.01 ],
      "isCameraLocked" : false
   },
   "scene" : 
   {
      "meshes" : 
      [
         {
            "filename" : "/data/models/reference/sponza_normalMaps/sponza.obj",
            "name" : "sponza"
         },
         {
            "filename" : "/data/models/sphere.obj",
            "name" : "sphere"
         }
      ],
      "objects" : 
      [
         {
            "Material" : 
            {
               "albedoColor" : [ 1, 1, 1 ],
               "specularPower" : 1,
               "specularStrength" : [ 0.10000000000000001, 0.10000000000000001, 0.10000000000000001 ],
               "type" : "default"
            },
            "mesh" : "sponza",
            "pos" : [ 0, 0, 0 ],
            "scale" : [ 0.02, 0.02, 0.02 ]
         },
         {
            "Light" : 
            {
               "direction" : [ 0.10000000000000001, 3, 0.40000000000000002 ],
               "lightColor" : [ 1, 1, 1 ],
               "type" : "directional"
            },
            "Material" : 
            {
               "albedoColor" : [ 1, 1, 1 ],
               "type" : "unlit"
            },
            "mesh" : "sphere",
            "pos" : [ 5, 100, 20 ],
            "scale" : [ 10, 10, 10 ]
         }
      ]
   }
}